<?xml version="1.0" encoding="utf-8"?>
<!DOCTYPE hibernate-mapping PUBLIC "-//Hibernate/Hibernate Mapping DTD 3.0//EN"
"http://hibernate.sourceforge.net/hibernate-mapping-3.0.dtd">
<!-- 
    Mapping file autogenerated by MyEclipse Persistence Tools
-->
<hibernate-mapping>
    <class name="po.Class" table="class" schema="dbo" catalog="exam">
        <id name="id" type="java.lang.Integer">
            <column name="id" />
            <generator class="native" />
        </id>
        <property name="classNo" type="java.lang.String">
            <column name="classNo" length="20" />
        </property>
        <property name="className" type="java.lang.String">
            <column name="className" length="20" />
        </property>
        <property name="direction" type="java.lang.String">
            <column name="direction" length="20" />
        </property>
        <property name="headteacher" type="java.lang.String">
            <column name="headteacher" length="20" />
        </property>
        <property name="lecturer" type="java.lang.String">
            <column name="lecturer" length="20" />
        </property>
        <property name="date" type="java.sql.Timestamp">
            <column name="date" length="23" />
        </property>
        <property name="state" type="java.lang.String">
            <column name="state" length="20" />
        </property>
    </class>
</hibernate-mapping>
