<?xml version="1.0" encoding="UTF-8"?>
<!DOCTYPE hibernate-mapping PUBLIC
        "-//Hibernate/Hibernate Mapping DTD 3.0//EN"
        "http://hibernate.sourceforge.net/hibernate-mapping-3.0.dtd">
        <hibernate-mapping>
        <class name="po.Classes" table="tb_Class">
         <id name="classId">
         <generator class="native">
         </generator>
         </id>
         
         <property name="className" not-null="true"  unique="true"></property>
         <property name="classStudents"></property>
         <property name="openTime" not-null="true"></property>
         
         
         <many-to-one name="profession" class="po.Profession" column="professionId" fetch="join" cascade="save-update"></many-to-one>
         
         <set name="students" inverse="true">
         <key column="classId"></key>
         <one-to-many class="po.Student"/>
         </set>
         
         
         <set name="teachers" table="Tea_Cla">
         <key column="classId"></key>
         <many-to-many column="teacherId" class="po.Teacher"></many-to-many>
         </set>
         
         </class>
         </hibernate-mapping>
