<?xml version="1.0" encoding="UTF-8"?>
<!DOCTYPE hibernate-mapping PUBLIC
        "-//Hibernate/Hibernate Mapping DTD 3.0//EN"
        "http://hibernate.sourceforge.net/hibernate-mapping-3.0.dtd">
        <hibernate-mapping>
        <class name="po.Papers" table="tb_Papers">
         <id name="papersId">
         <generator class="native">
         </generator>
         </id>
         
         <property name="papersName" not-null="true" unique="true"></property>
         <property name="papersPeople" not-null="true"></property>
         <property name="totalScore" not-null="true"></property>
         <property name="totalCount" not-null="true"></property>
         <property name="papersType" not-null="true"></property>
         <property name="papersSubjectId" not-null="true"></property>
         <property name="oneTopicScore" not-null="true"></property>
         
         <set name="topics" table="Top_Pap">
         <key column="papersId"></key>
        <many-to-many column="topicId" class="po.Topic"></many-to-many>
        </set>
        </class>
        </hibernate-mapping>
