<?xml version="1.0" encoding="UTF-8"?>
<!DOCTYPE hibernate-mapping PUBLIC
        "-//Hibernate/Hibernate Mapping DTD 3.0//EN"
        "http://hibernate.sourceforge.net/hibernate-mapping-3.0.dtd">
        <hibernate-mapping>
        <class name="po.Profession" table="tb_Profession">
         <id name="professionId">
         <generator class="native">
         </generator>
         </id>
         
         <property name="professionName" not-null="true" unique="true"></property>
         <property name="professionOpen" not-null="true" ></property>
         <property name="professionCycle" not-null="true" ></property>
         
         
         <many-to-one name="adimin" class="po.Adimin" column="adiminId" fetch="join" cascade="save-update"></many-to-one>
         
         
         <set name="classes" inverse="true">
         <key column="professionId"></key>
         <one-to-many class="po.Classes"/>
         </set>
         
         </class>
         </hibernate-mapping>

