<?xml version="1.0" encoding="UTF-8"?>
<!DOCTYPE hibernate-mapping PUBLIC
        "-//Hibernate/Hibernate Mapping DTD 3.0//EN"
        "http://hibernate.sourceforge.net/hibernate-mapping-3.0.dtd">
        <hibernate-mapping>
        <class name="po.Student" table="tb_Student">
         <id name="studentId">
         <generator class="native">
         </generator>
         </id>
         
         <property name="studentName" not-null="true"></property>
        <property name="studentPass" not-null="true"></property>
        <property name="studentNumber" not-null="true" unique="true"></property>
        <property name="idCard" not-null="true"  unique="true"></property>
         
        <many-to-one name="class1" class="po.Classes" column="classId" fetch="join" cascade="save-update"></many-to-one>
        </class>
        </hibernate-mapping>
