<?xml version="1.0" encoding="UTF-8"?>
<!DOCTYPE hibernate-mapping PUBLIC
        "-//Hibernate/Hibernate Mapping DTD 3.0//EN"
        "http://hibernate.sourceforge.net/hibernate-mapping-3.0.dtd">
       
         <hibernate-mapping>
        
         <class name="po.Subject" table="tb_Subject">
         
         <id name="subjectId">
         <generator class="native">
         </generator>
         </id>
         
         <property name="subjectName" not-null="true" unique="true"></property>
         
         
         <many-to-one name="adimin" class="po.Adimin" column="adiminId" fetch="join" cascade="save-update"></many-to-one>
         
         <set name="topics" inverse="true">
         <key column="subjectId"></key>
         <one-to-many class="po.Topic"/>
         </set>

         
         </class>
        
        </hibernate-mapping>
