<?xml version="1.0" encoding="UTF-8"?>
<!DOCTYPE hibernate-mapping PUBLIC
        "-//Hibernate/Hibernate Mapping DTD 3.0//EN"
        "http://hibernate.sourceforge.net/hibernate-mapping-3.0.dtd">
        <hibernate-mapping>
        <class name="po.Teacher" table="tb_Teacher">
         <id name="teacherId">
         <generator class="native">
         </generator>
         </id>
         
         <property name="teacherNumber" not-null="true" unique="true"></property>
         <property name="teacherName" not-null="true"></property>
         <property name="teacherPass" not-null="true"></property>
         <property name="idCard" not-null="true" unique="true"></property>
         <property name="teacherType" not-null="true"></property>
         
        <set name="classes" table="Tea_Cla">
        <key column="teacherId"></key>
        <many-to-many column="classId" class="po.Classes"></many-to-many>
        </set>
        </class>
        </hibernate-mapping>
