<?xml version="1.0" encoding="UTF-8"?>
<!DOCTYPE hibernate-mapping PUBLIC
        "-//Hibernate/Hibernate Mapping DTD 3.0//EN"
        "http://hibernate.sourceforge.net/hibernate-mapping-3.0.dtd">
        
        <hibernate-mapping>
        
         <class name="po.Topic" table="tb_Topic">
         
         <id name="topicId">
         <generator class="native">
         </generator>
         </id>
         
         <property name="topicTitle"  not-null="true"></property>
         <property name="topicAnswer"  not-null="true"></property>
         <property name="topicScore"  not-null="true"></property>
         <property name="topicDifficulty"  not-null="true"></property>
         <property name="topicType"  not-null="true"></property>
         <property name="topicPeople"  not-null="true"></property>
         <property name="topicOptionA"  ></property>
         <property name="topicOptionB"  ></property>
         <property name="topicOptionC"  ></property>
         <property name="topicOptionD"  ></property>
          <property name="topicSelect"  ></property>
         
         
         <many-to-one name="subject" class="po.Subject" column="subjectId" fetch="join" lazy="false" cascade="save-update"></many-to-one>
        
         <set name="papers" table="Top_Pap">
         <key column="topicId"></key>
         <many-to-many column="papersId" class="po.Papers"></many-to-many>
         </set>
        
         </class>
        
         </hibernate-mapping>
