<?xml version="1.0" encoding="UTF-8" ?>
<!DOCTYPE struts PUBLIC "-//Apache Software Foundation//DTD Struts Configuration 2.1//EN" "http://struts.apache.org/dtds/struts-2.1.dtd">
<struts>
        <package name="action" extends="struts-default" namespace="/admin">
        
        <action name="selectMyAction" class="action.AdminAction" method="select">
        <result name="selectadmin">list.jsp</result>
        <result name="selectclass">classlist.jsp</result>
        <result name="selectquestion">questionlist.jsp</result>
        <result name="selectpaper">paper.jsp</result>
        </action>
        <action name="seall" class="action.AdminAction" method="sequ">
        <result name="all">allquestionlist.jsp</result>
        </action>
        <action name="rad" class="action.AdminAction" method="rad">
        <result name="rad">radm.jsp</result>
        </action>
        <action name="qfp" class="action.AdminAction" method="qfp">
        <result name="qfp">qfplist.jsp</result>
        </action>
       
        <action name="add" class="action.AdminAction" method="add">
         <result name="add">allquestionlist.jsp</result>
        </action>
         <action name="deleteMyAction" class="action.AdminAction" method="delete">
        <result name="delete" type="redirectAction">
        <param name="actionName">selectMyAction</param>
        <param name="seid">${seid}</param>
        </result>
        </action>
       
       </package>

     <package name="actionn" extends="struts-default">
      <action name="loginMyAction" class="action.LoginAction" method="login">
        <result name="login">login.jsp</result>
        <result name="MyJsp">index.jsp</result>
        <result name="index.jsp">index.jsp</result>
        </action>
     
     </package>
     
     <package name="student" extends="struts-default" namespace="/student">
      <action name="sepaper" class="action.StudentAction" method="sepaper">
        <result name="sepaper">stupaper.jsp</result>
        </action>
        <action name="exam" class="action.StudentAction" method="exam">
        <result name="exam">exam.jsp</result>
        </action>
        <action name="qexam" class="action.StudentAction" method="qexam">
        <result name="qexam">qexam.jsp</result>
        </action>
     
     </package>

 
</struts>    
