<?xml version="1.0" encoding="UTF-8"?>
<!DOCTYPE hibernate-mapping PUBLIC
        "-//Hibernate/Hibernate Mapping DTD 3.0//EN"
        "http://hibernate.sourceforge.net/hibernate-mapping-3.0.dtd">
       
        <hibernate-mapping>
        
        <class name="po.Adimin" table="tb_Adimin">
         
         <id name="adiminId">
         <generator class="native">
         </generator>
         </id>
         
         <property name="adiminName" not-null="true" unique="true"></property>
         <property name="adiminPass" not-null="true"></property>

         </class>
        
        </hibernate-mapping>