<?xml version="1.0" encoding="UTF-8"?>
<!DOCTYPE hibernate-mapping PUBLIC
        "-//Hibernate/Hibernate Mapping DTD 3.0//EN"
        "http://hibernate.sourceforge.net/hibernate-mapping-3.0.dtd">
        <hibernate-mapping>
        <class name="po.Record" table="tb_Record">
         <id name="recordId">
         <generator class="native">
         </generator>
         </id>
         
         <property name="classId" not-null="true"></property>
         <property name="recorder" not-null="true"></property>
         <property name="papersId" not-null="true"></property>
         <property name="startTime" not-null="true"></property>
         <property name="endTime" not-null="true"></property>
          <property name="papersStatus" not-null="true"></property>
         
     
        </class>
        </hibernate-mapping>
