<!DOCTYPE hibernate-mapping PUBLIC
"-//Hibernate/Hibernate Mapping DTD 3.0//EN"
"http://hibernate.sourceforge.net/hibernate-mapping-3.0.dtd">
<hibernate-mapping>
	<class name="po.Admin" table="admin">
		<id name="id">
			<column name="id" />
			<generator class="native" />
		</id>
		<property name="name">
			<column name="aname" />
		</property>
		<property name="pwd">
			<column name="apwd" />
		</property>
		
		<property name="type">
			<column name="type" />
		</property>
	</class>
</hibernate-mapping>
