<?xml version="1.0" encoding="utf-8"?>
<!DOCTYPE hibernate-mapping PUBLIC "-//Hibernate/Hibernate Mapping DTD 3.0//EN"
"http://hibernate.sourceforge.net/hibernate-mapping-3.0.dtd">
<!-- 
    Mapping file autogenerated by MyEclipse Persistence Tools
-->
<hibernate-mapping>
    <class name="po.Paper" table="paper" schema="dbo" catalog="exam">
        <id name="pid" type="java.lang.Integer">
            <column name="pid" />
            <generator class="native"></generator>
        </id>
        <property name="subjectName" type="java.lang.String">
            <column name="subjectName" length="20" />
        </property>
        <property name="kind" type="java.lang.String">
            <column name="kind" length="20" />
        </property>
        <property name="title" type="java.lang.String">
            <column name="title" length="100" />
        </property>
        <property name="className" type="java.lang.String">
            <column name="className" length="20" />
        </property>
        <property name="testTime" type="java.sql.Timestamp">
            <column name="testTime" length="23" />
        </property>
        <property name="testHour" type="java.lang.Integer">
            <column name="testHour" />
        </property>
        <property name="totalScore" type="java.lang.Double">
            <column name="totalScore" precision="6" />
        </property>
        <property name="qnumber" type="java.lang.Integer">
            <column name="qnumber" />
        </property>
        <property name="state" type="java.lang.String">
            <column name="state" length="20" />
        </property>
        
        <set name="questionSet" table="paper_question">
		<!-- column属性为中间表中指向账号的外键字段名  自身 -->
		<key column="pid"></key>
		<!-- 对方的 -->
		<many-to-many class="po.Question" column="qid"></many-to-many>
		</set>
    </class>
</hibernate-mapping>
