<?xml version="1.0" encoding="UTF-8" ?>
<!DOCTYPE struts PUBLIC "-//Apache Software Foundation//DTD Struts Configuration 2.1//EN" "http://struts.apache.org/dtds/struts-2.1.dtd">
<struts>

<!-- 与登陆有关的 配置-->
<package name="login" extends="struts-default" namespace="/login">
<!--登陆调用的action -->
<action name="LoginAction" class="action.LoginAction" method="someOneLogin">
<result name="islogin" >index.jsp</result>
<result name="notlogin" >login.jsp</result>
</action>
</package>

<!-- 与题目有关的配置 -->
<package name="topic" extends="struts-default" namespace="/topic">
<!-- 查询所有的题目 -->
<action name="AllTopicAction" class="action.TopicAction" method="getAllTopic">
<result name="getall" >topicManframe.jsp</result>
</action>
<!--查询某个类别的所有题目 -->
<action name="OneTopicAction" class="action.TopicAction" method="getOneTypeTopic">
<result name="getone" >onetypemanframe.jsp</result>
</action>
<!-- 添加题目 -->
<action name="AddTopicAction" class="action.TopicAction" method="addTopic">
<result name="addok" type="redirectAction">
<param name="actionName">OneTopicAction</param>
</result>
</action>
<!-- 修改已有题目 -->
<action name="UpdateTopicAction" class="action.TopicAction" method="updateTopic">
<result name="updateok" type="redirectAction" >
<param name="actionName">OneTopicAction</param>
</result>
</action>
<!-- 删除某个题目 -->
<action name="DeleteTopicAction" class="action.TopicAction" method="deleteTopic">
<result name="deleteok"  type="redirectAction">
<param name="actionName">OneTopicAction</param>
</result>
</action>
<!-- 得到某个题目的信息 -->
<action name="TopicAction" class="action.TopicAction" method="getOneTopic">
<result name="getoneok" >updatetopic.jsp</result>
</action>
</package>

<!-- 与试卷有关的配置 -->
<package name="papers" extends="struts-default" namespace="/papers">
<!--添加试卷 -->
<action name="AddPapersAction" class="action.PapersAction" method="addPapers">
<result name="addok" type="redirectAction" >
<param name="actionName">GetAllPapersAction</param>
</result>
</action>
<!--查询所有试卷 -->
<action name="GetAllPapersAction" class="action.PapersAction" method="getAllPapers">
<result name="getok" >papersManframe.jsp</result>
</action>
<!--查询某个试卷所有试题 -->
<action name="GetOnePapersTopicAction" class="action.PapersAction" method="getOnePapersTopic">
<result name="getoneok" >topicofpapersManframe.jsp</result>
</action>
</package>

<!-- 与考试记录有关的配置 -->
<package name="record" extends="struts-default" namespace="/record">
<!--添加考试记录 -->
<action name="AddRecordAction" class="action.RecordAction" method="addRecord">
<result name="addok" type="redirectAction" >
<param name="actionName">GetAllRecordAction</param>
</result>
</action>
<!-- 得到某张试卷信息，添加考试记录用 -->
<action name="getonePapersAction" class="action.RecordAction" method="getonePapers">
<result name="getone" >addRecordManframe.jsp</result>
</action>
<!--查询所有的考试记录 -->
<action name="GetAllRecordAction" class="action.RecordAction" method="getAllRecord">
<result name="getallok" >recordManframe.jsp</result>
</action>
</package>
</struts> 