<?xml version="1.0" encoding="UTF-8" ?>
<!DOCTYPE struts PUBLIC "-//Apache Software Foundation//DTD Struts Configuration 2.1//EN" "http://struts.apache.org/dtds/struts-2.1.dtd">
<struts>
	<package name="b" extends="struts-default">

		<global-results>
			<result name="error">error.jsp</result>
			<result name="worry">login.jsp</result>
		</global-results>
		<!-- 角色登录 -->
		<action name="UserLogin" class="action.UserAction" method="login">
			<result name="login">index.jsp</result>
		</action>
		<!-- 老师 -->
		<action name="teacherList" class="action.TeacherAction" method="list">
			<result name="teaList">teaList.jsp</result>
		</action>
		<!-- 题库 -->
		<action name="subList" class="action.QuestionAction" method="slist">
			<result name="sList">subList.jsp</result>

		</action>

		<action name="QuestionList" class="action.QuestionAction"
			method="qlist">
			<result name="qList">listQues.jsp</result>
		</action>


		<action name="QuestionInsertList" class="action.QuestionAction"
			method="slist">
			<result name="sList">insertQues.jsp</result>

		</action>
		<action name="QuestionInsert" class="action.QuestionAction"
			method="ilist">
			<result name="iList">listQues.jsp</result>

		</action>
		<action name="QuestionDelete" class="action.QuestionAction"
			method="dlist">
			<result name="dList">listQues.jsp</result>

		</action>

		<!-- 试卷 -->
		<action name="paperList" class="action.PaperAction" method="list">
			<result name="paperList">paperList.jsp</result>
		</action>



	</package>

</struts>    
