<?xml version="1.0" encoding="UTF-8" ?>
<!DOCTYPE struts PUBLIC "-//Apache Software Foundation//DTD Struts Configuration 2.1//EN" "http://struts.apache.org/dtds/struts-2.1.dtd">
<struts> 
    <!-- 用户验证模块 -->
   <package name="checkaction" extends="struts-default">  
   <action name="checkaction" class="action.CheckAction" method="check">
   <result name="check">index.jsp</result>
   <result name="shib">check/shib.jsp</result>
   </action>
   </package>
   <!-- 管理员端 -->
    <!-- 教师列表验证模块-->
   <package name="listaction" extends="struts-default">
   <action name="lectureraction" class="action.LecturerListAction" method="lecturer">
   <result name="lecturer">list/lecturerlist.jsp</result>
   </action>
   </package>
   
   <!-- 题库管理 模块 -->  
  <package name="question" extends="struts-default">
  <!-- 分页查询 -->
   <action name="Questionaction" class="action.QuestionsAction" method="inio">
   <result name="inio">questions/question.jsp</result>
   </action>
   <action name="aQuestionaction" class="action.QuestionsAction" method="inioa">
   <result name="inioa">questions/questions.jsp</result>
   </action>
   <!-- 添加 -->
   <action name="saveaction" class="action.QuestionsAction" method="save">
   <result name="save">questions/addquestion.jsp</result>
   </action>
   </package>
   
   <!-- 试卷管理模块-->
   <!-- 分页查询 -->
   <package name="Paperaction" extends="struts-default">
   <action name="inioAction" class="action.PaperAction" method="inio">
   <result name="inio">paper/list.jsp</result>
   </action>
   
   <!-- 随机组卷 -->
   <action name="randomAction" class="action.PaperAction" method="random">
   <result name="random">paper/random.jsp</result>
   </action>
   <!-- 查看试卷 -->
   <action name="testpaperAction" class="action.PaperAction" method="testpaper">
   <result name="testpaper">paper/testpaper.jsp</result>
   </action>
   <!-- 设置试卷 -->
   <action name="startpaperAction" class="action.PaperAction" method="startpaper">
   <result name="startpaper">paper/start.jsp</result>
   </action>
   <!-- 考试开始 -->
   <action name="updatePaper" class="action.PaperAction" method="updatePaper">
   <result name="updatePaper">paper/start.jsp</result>
   </action>   
   </package>
     <!-- 学生端 -->
     <package name="Student" extends="struts-default">
     <action name="IoinAction" class="action.StudentExam" method="ioin">
     <result name="ioin">student/studentexam.jsp</result>
     </action>
     </package>
</struts>    
