<?xml version="1.0" encoding="UTF-8" ?>
<!DOCTYPE struts PUBLIC "-//Apache Software Foundation//DTD Struts Configuration 2.1//EN" "http://struts.apache.org/dtds/struts-2.1.dtd">
<struts>
<package name="user" extends="struts-default">
<action name="userLoginAction"  class="com.jc.Action.LoginAction" method="login">
<result name="login">index.jsp</result>
</action>
</package>

<package name="teacher" extends="struts-default" namespace="/teacher">
<action name="teacherList" class="com.jc.Action.TeacherAction" method="list">
<result name="list">list.jsp</result>
</action>
</package>


<package name="paper" extends="struts-default" namespace="/paper">
<action name="PaperAction" class="com.jc.Action.PaperAction" method="paperList">
<result name="pList">list.jsp</result>
</action>
<action name="createpaper" class="com.jc.Action.PaperAction" method="createpaper">
<result name="cater">list.jsp</result>
</action>
</package>

<package name="question" extends="struts-default" namespace="/question">
<action name="QuestionAction" class="com.jc.Action.QuestionAction" method="questionList">
<result name="qList">TkList.jsp</result>
</action>
</package>

<package name="student" extends="struts-default" namespace="/student">
<action name="studentList" class="com.jc.Action.StudentAction" method="list">
<result name="list">list.jsp</result>
</action>
</package>

</struts>    
