<?xml version="1.0" encoding="utf-8"?>
<!DOCTYPE hibernate-mapping PUBLIC "-//Hibernate/Hibernate Mapping DTD 3.0//EN"
"http://hibernate.sourceforge.net/hibernate-mapping-3.0.dtd">
<!-- 
    Mapping file autogenerated by MyEclipse Persistence Tools
-->
<hibernate-mapping>
    <class name="po.ScoreDetails" table="scoredetails" schema="dbo" catalog="exam">
        <id name="id" type="java.lang.Integer">
            <column name="id" />
            <generator class="native"></generator>
        </id>
        <property name="scoreId" type="java.lang.Integer">
            <column name="scoreId" />
        </property>
        <property name="questionId" type="java.lang.Integer">
            <column name="questionId" />
        </property>
        <property name="answer" type="java.lang.String">
            <column name="answer" />
        </property>
        <property name="result" type="java.lang.String">
            <column name="result" length="1" />
        </property>
    </class>
</hibernate-mapping>
