<?xml version="1.0" encoding="utf-8"?>
<!DOCTYPE hibernate-mapping PUBLIC "-//Hibernate/Hibernate Mapping DTD 3.0//EN"
"http://hibernate.sourceforge.net/hibernate-mapping-3.0.dtd">
<!-- 
    Mapping file autogenerated by MyEclipse Persistence Tools
-->
<hibernate-mapping>
    <class name="po.Teacher" table="teacher" schema="dbo" catalog="exam">
        <id name="id" type="java.lang.Integer">
            <column name="id" />
            <generator class="native"></generator>
        </id>
        <property name="taccount" type="java.lang.String">
            <column name="taccount" />
        </property>
        <property name="tpwd" type="java.lang.String">
            <column name="tpwd" />
        </property>
        <property name="tname" type="java.lang.String">
            <column name="tname" />
        </property>
        <property name="tsex" type="java.lang.String">
            <column name="tsex" />
        </property>
        <property name="tbirthday" type="java.lang.String">
            <column name="tbirthday" />
        </property>
        <property name="teducation" type="java.lang.String">
            <column name="teducation" />
        </property>
        <property name="ttelphone" type="java.lang.String">
            <column name="ttelphone" />
        </property>
        <property name="tjop" type="java.lang.String">
            <column name="tjop" />
        </property>
        <property name="remarks" type="java.lang.String">
            <column name="remarks" />
        </property>
    </class>
</hibernate-mapping>
