<?xml version="1.0" encoding="UTF-8"?>
<!DOCTYPE hibernate-reverse-engineering PUBLIC "-//Hibernate/Hibernate Reverse Engineering DTD 3.0//EN" "http://hibernate.sourceforge.net/hibernate-reverse-engineering-3.0.dtd" >

<hibernate-reverse-engineering>
	<table name="student" schema="dbo" catalog="exam" class="Student">
		<primary-key>
			<generator class="native"></generator>
		</primary-key>
	</table>
	<table name="subject" schema="dbo" catalog="exam" class="Subject">
		<primary-key>
			<generator class="native"></generator>
		</primary-key>
	</table>
	<table name="question" schema="dbo" catalog="exam"
		class="Question">
		<primary-key>
			<generator class="native"></generator>
		</primary-key>
	</table>
	<table name="paper" schema="dbo" catalog="exam" class="Paper">
		<primary-key>
			<generator class="native"></generator>
		</primary-key>
	</table>
<table name="paper_question" schema="dbo" catalog="exam"
	class="Paper_Question">
	<primary-key>
		<generator class="native"></generator>
	</primary-key>
</table>
</hibernate-reverse-engineering>