<?xml version="1.0" encoding="UTF-8" ?>
<!DOCTYPE struts PUBLIC "-//Apache Software Foundation//DTD Struts Configuration 2.1//EN" "http://struts.apache.org/dtds/struts-2.1.dtd">
<struts>
	<package name="login" extends="struts-default" namespace="">

		<!-- 查询所有管理员  -->
		<action name="listLogin" class="action.LoginAction" method="listLogin">
			<result name="index">index.jsp</result>
			<result name="login">login.jsp</result>
		</action>
	</package>
	<package name="teacher" extends="struts-default" namespace="/teacher">

		<!-- 查询所有老师  -->
		<action name="listTeacher" class="action.TeacherAction" method="list">
			<result name="list">list.jsp</result>
		</action>
	</package>
	<package name="student" extends="struts-default" namespace="/student">

		<!-- 查询所有学生  -->
		<action name="listStudent" class="action.StudentAction" method="list">
			<result name="list">list.jsp</result>
		</action>
	</package>
	<package name="classes" extends="struts-default" namespace="/classes">

		<!-- 查询所有班级  -->
		<action name="listClasses" class="action.ClassesAction" method="list">
			<result name="list">list.jsp</result>
		</action>
	</package>
	<package name="question" extends="struts-default" namespace="/question">

		<!-- 查询所有试题类型 -->
		<action name="listType" class="action.QuestionAction" method="listQuesType">
			<result name="listType">list.jsp</result>
		</action>
		<!-- 查询所有试题 -->
		<action name="listQues" class="action.QuestionAction" method="listQues">
			<result name="listQues">listQues.jsp</result>
		</action>
		<!-- 路过查询类型用来修改 -->
		<action name="listtype" class="action.QuestionAction" method="getById">
			<result name="success">updateQues.jsp</result>
		</action>
		<!-- 路过查询类型用来添加 -->
		<action name="listtypesave" class="action.QuestionAction"
			method="getByIdsave">
			<result name="success">insertQues.jsp</result>
		</action>
		<!-- 修改问题 -->
		<action name="updateQues" class="action.QuestionAction" method="update">
			<result name="success" type="redirectAction">
				<param name="actionName">listType!listQuesType</param>
			</result>
		</action>
		<!-- 添加问题 -->
		<action name="insertQues" class="action.QuestionAction" method="save">
			<result name="success" type="redirectAction">
				<param name="actionName">listType!listQuesType</param>
			</result>
		</action>
		<!-- 删除问题 -->
		<action name="deleteQues" class="action.QuestionAction" method="delete">
			<result name="success" type="redirectAction">
				<param name="actionName">listType!listQuesType</param>
			</result>
		</action>
	</package>
	<package name="paper" extends="struts-default" namespace="/paper">

		<!-- 查询所有试卷  -->
		<action name="listPaper" class="action.PaperAction" method="list">
			<result name="list">list.jsp</result>
		</action>
		<!-- 查询所有试题类型 -->
		<action name="listType" class="action.PaperAction" method="listQuesType">
			<result name="listType">random.jsp</result>
		</action>
		<!-- 添加试卷 -->
		<action name="insertPaper" class="action.PaperAction" method="random">
			<result name="success" type="redirectAction">
				<param name="actionName">listPaper!list</param>
			</result>
		</action>
		<!-- 查询试卷的试题 -->
		<action name="listQues" class="action.PaperAction" method="listQues">
			<result name="listQues">listQues.jsp</result>
		</action>
		<!-- 设置考试 -->
		<action name="listClass" class="action.PaperAction" method="listClass">
			<result name="listClass">settime.jsp</result>
		</action>
		<!-- 设置完考试返回试卷页面 -->
		<action name="setTime" class="action.PaperAction" method="setTime">
			<result name="success" type="redirectAction">
				<param name="actionName">listPaper!list</param>
			</result>
		</action>
	</package>
	<package name="stuexam" extends="struts-default" namespace="/stuexam">
		<!-- 查询学生个人信息  -->
		<action name="listShuxin" class="action.StudentExamAction" method="listShuxin">
			<result name="list">listShuxin.jsp</result>
		</action>
		<!-- 查询学生的考试试卷 -->
		<action name="listPaper" class="action.StudentExamAction" method="listPaper">
			<result name="listpaper">listpaper.jsp</result>
		</action>
	</package>
</struts>    
