<?xml version="1.0" encoding="UTF-8" ?>
<!DOCTYPE struts PUBLIC "-//Apache Software Foundation//DTD Struts Configuration 2.1//EN" "http://struts.apache.org/dtds/struts-2.1.dtd">
<struts>
<!-- 登陆验证配制 -->
<package name="login" extends="struts-default">
<!-- 登录验证 -->
    <action name="loginMyAction" class="com.it.action.LoginAction" method="/login">
      <result name="login">/login.jsp</result>
      <result name="MyJsp">/login.jsp</result>
      <result name="index.jsp">/index.jsp</result>
    </action>
</package>


<!-- 管理员的配置 -->
  <package name="admin" extends="struts-default" namespace="/admin">
   
   <!-- 查询教师 -->
    <action name="teacherMyAction" class="com.it.action.AdminAction" method="teacher">
      <result name="teacherlist">/admin/teacherlist.jsp</result>
    </action>
   <!-- 查询班级 -->
    <action name="classsMyAction" class="com.it.action.AdminAction" method="classs">
      <result name="classslist">/admin/classslist.jsp</result>
    </action>
   <!-- 查询学生 -->
    <action name="studentMyAction" class="com.it.action.AdminAction" method="student">
      <result name="studentlist">/admin/studentlist.jsp</result>
    </action>
   <!-- 查询题库 -->
    <action name="questionMyAction" class="com.it.action.AdminAction" method="question">
      <result name="questionobject">/admin/questionlist.jsp</result>
    </action>
   <!-- 查询试题 -->
    <action name="qusestionshitiMyAction" class="com.it.action.AdminAction" method="qusestionshiti">
      <result name="qusestionshitilist">/admin/qusestionshitilist.jsp</result>
    </action>
    
   <!-- 查询试卷 -->
    <action name="paperMyAction" class="com.it.action.AdminAction" method="paper">
      <result name="paperlist">/admin/paperlist.jsp</result>
    </action>
   <!-- 修改试卷状态 -->
    <action name="updatepaperMyAction" class="com.it.action.AdminAction" method="updatepaper">
      <result name="updatepaper" type="redirectAction">
      <param name="actionName">paperMyAction</param>
      </result>
    </action>
    
   <!-- 添加试题 -->
    <action name="addshitiMyAction" class="com.it.action.AdminAction" method="addshiti">
      <result name="addshiti" type="redirectAction">
      <param name="actionName">questionMyAction</param>
      </result>
    </action>
   <!-- 随机组卷 -->
   <action name="randomMyAction" class="com.it.action.AdminAction" method="random">
      <result name="random" type="redirectAction">
      <param name="actionName">paperMyAction</param>
      </result>
    </action>
   <!-- 查询随机组卷试题 -->
   <action name="randomquestionMyAction" class="com.it.action.AdminAction" method="randomquestionlist">
      <result name="randomquestionlist">/admin/randomqusestionshitilist.jsp</result>
    </action>
    <!-- 查询所有学生班级 -->
    <action name="selectstudentMyAction" class="com.it.action.AdminAction" method="selectstudent">
      <result name="selectstudent">/admin/updatepaper.jsp</result>
    </action>
    
 </package>
  <!-- ********************************************** -->
  <!-- 学生的配置 -->
 <package name="student" extends="struts-default" namespace="/student" >
   <action name="kaoshiselectMyAction" class="com.it.action.StudentAction" method="kaoshilist">
    <result name="kaoshilist">/student/kaoshilist.jsp</result>
   </action>
 </package>

</struts>    
