<?xml version="1.0" encoding="UTF-8" ?>
<!DOCTYPE struts PUBLIC "-//Apache Software Foundation//DTD Struts Configuration 2.1//EN" "http://struts.apache.org/dtds/struts-2.1.dtd">
<struts> 
   <!-- 用户验证 -->
   <package name="checkaction" extends="struts-default">  
   <action name="checkaction" class="action.CheckAction" method="check">
   <result name="check">index.jsp</result>
   <result name="shib">login.jsp</result>
   </action>
   <action name="logoutAction" class="action.CheckAction" method="logout">
   
   <result name="logout">login.jsp</result>
   </action>
   </package>
   
    <!-- 列表验证 -->
   <package name="listaction" extends="struts-default">
   <action name="teacheraction" class="action.TeacherAction" method="teacher">
   <result name="teacher">list/teacherlist.jsp</result>
   </action>
   <!-- 老师删除 -->
   <action name="deleteaction" class="action.TeacherAction"
			method="deleteteacher">
			<result name="success">/list/teacherlist.jsp</result>
			<result name="success" type="redirectAction">
			<param name="actionName">teacheraction</param>
			</result>
		</action>
		    <!-- 学生删除 -->
    <action name="deletestudent" class="action.StudentAction"
			method="deletestudent">
			<result name="shanchu">/student/studnetlist.jsp</result>
			<result name="shanchu" type="redirectAction">
			<param name="actionName">studnetListAction</param>
			</result>
		</action>
   </package>
   
   
   <!-- 题库管理 -->  
  <package name="question" extends="struts-default">
  <!-- 分页查询 -->
   <action name="Questionaction" class="action.QuestionsAction" method="inio">
   <result name="inio">questions/questionList.jsp</result>
   </action>
   <action name="aQuestionaction" class="action.QuestionsAction" method="inioa">
   <result name="inioa">questions/questions.jsp</result>
   </action>
   <!-- 添加 -->
   <action name="saveaction" class="action.QuestionsAction" method="save">
   <result name="save">questions/addquestion.jsp</result>
   </action>
   </package>
   
   <!-- 试卷管理 -->
   <!-- 分页查询 -->
   <package name="Paperaction" extends="struts-default">
   <action name="inioAction" class="action.PaperAction" method="inio">
   <result name="inio">paper/list.jsp</result>
   </action>
    <!-- 设置试卷状态 -->
   <action name="stateSetAction" class="action.PaperAction" method="stateSet">
   <!-- type="redirectAction" -->
   <result name="stateSet" type="redirectAction">inioAction!inio</result>
   </action>
   
   <!-- 随机组卷 -->
   <action name="randomAction" class="action.PaperAction" method="random">
   <result name="random">paper/random.jsp</result>
   </action>
   <!-- 查看试卷 -->
   <action name="questionSetAction" class="action.PaperAction" method="questionSet">
   <result name="questionSet">paper/questionsetlist.jsp</result>
   </action>
  
  
   
   </package>
   <!-- 班级管理 -->
   <package name="class" extends="struts-default" namespace="/class">
   <action name="allClassAction" class="action.ClasssAction" method="allClass">
   <result name="allClass">classlist.jsp</result>
   </action>
   </package>
   <!-- 学生管理 -->
   <package name="student" extends="struts-default">
   <action name="studnetListAction" class="action.StudentAction" method="studnetList">
   <result name="studnetList">/student/studnetlist.jsp</result>
   </action>

   
   
   </package>
   
    <package name="paper" extends="struts-default" namespace="/paper">
    <!-- 班级名称 -->
   <action name="allClassNameAction" class="action.PaperAction" method="allClassName">
   <result name="allClassName">stateSet.jsp</result>
   </action>
   
   
   
   </package>
  
  
   
</struts>   
