<?xml version="1.0" encoding="UTF-8"?>
<!DOCTYPE hibernate-mapping PUBLIC
        "-//Hibernate/Hibernate Mapping DTD 3.0//EN"
        "http://hibernate.sourceforge.net/hibernate-mapping-3.0.dtd">

<hibernate-mapping>
<class name="com.jc.po.Teacher" table="teacher">
<id name="id" column="id">
<generator class="native"></generator>
</id>

<property name="tname" column="tname"></property>
<property name="taccount" column="taccount"></property>
<property name="tpwd" column="tpwd"></property>
<property name="tsex" column="tsex"></property>
<property name="tbirthday" column="tbirthday"></property>
<property name="teducation" column="teducation"></property>
<property name="ttelphone" column="ttelphone"></property>
<property name="tjop" column="tjop"></property>
<property name="remarks" column="remarks"></property>

</class>

</hibernate-mapping>
