<?xml version="1.0" encoding="utf-8"?>
<!DOCTYPE hibernate-mapping PUBLIC "-//Hibernate/Hibernate Mapping DTD 3.0//EN"
"http://hibernate.sourceforge.net/hibernate-mapping-3.0.dtd">
<!-- 
    Mapping file autogenerated by MyEclipse Persistence Tools
-->
<hibernate-mapping>
    <class name="com.tsinghua.entity.Student" table="student" schema="dbo" catalog="exam">
        <id name="id" type="java.lang.Integer">
            <column name="id" />
            <generator class="native"></generator>
        </id>
        <property name="stuNo" type="java.lang.String">
            <column name="stuNo" />
        </property>
        <property name="stuPwd" type="java.lang.String">
            <column name="stuPwd" />
        </property>
        <property name="classId" type="java.lang.String">
            <column name="classId" length="50" />
        </property>
        <property name="stuName" type="java.lang.String">
            <column name="stuName" length="50"/>
        </property>
        <property name="stuSex" type="java.lang.String">
            <column name="stuSex" length="1"/>
        </property>
        <property name="stuTelphone" type="java.lang.String">
            <column name="stuTelphone" length="50"/>
        </property>
        <property name="parentPhone" type="java.lang.String">
            <column name="parentPhone" length="50"/>
        </property>
        <property name="stuSchoolyear" type="java.lang.String">
            <column name="stuSchoolyear" length="50"/>
        </property>
        <property name="stuId" type="java.lang.String">
            <column name="stuId" length="50"/>
        </property>
        <property name="stubrithday" type="java.lang.String">
            <column name="stubrithday" length="50"/>
        </property>
        <property name="stuProvide" type="java.lang.String">
            <column name="stuProvide" length="50"/>
        </property>
        <property name="stuMajor" type="java.lang.String">
            <column name="stuMajor" length="50"/>
        </property>
        <property name="stuParent" type="java.lang.String">
            <column name="stuParent" length="50"/>
        </property>
        <property name="stuDrom" type="java.lang.String">
            <column name="stuDrom" length="50"/>
        </property>
        <property name="stuDromNo" type="java.lang.String">
            <column name="stuDromNo" length="50"/>
        </property>
        <property name="basicSituation" type="java.lang.String">
            <column name="basicSituation" length="200"/>
        </property>
        <property name="educational" type="java.lang.String">
            <column name="educational" length="200"/>
        </property>
        <property name="guardian" type="java.lang.String">
            <column name="guardian" length="50"/>
        </property>
        <property name="address" type="java.lang.String">
            <column name="address" length="50"/>
        </property>
        <property name="city" type="java.lang.String">
            <column name="city" length="50"/>
        </property>
        <property name="studyDirection" type="java.lang.String">
            <column name="studyDirection" length="50"/>
        </property>
        <property name="image" type="java.lang.String">
            <column name="image" length="50"/>
        </property>
        <property name="political" type="java.lang.String">
            <column name="political" length="50"/>
        </property>
        
        <many-to-one name="classes" class="com.tsinghua.entity.Class" column="classes_id" not-null="true" lazy="false" fetch="join"/>
    </class>
</hibernate-mapping>
