<?xml version="1.0" encoding="utf-8"?>
<!DOCTYPE hibernate-mapping PUBLIC "-//Hibernate/Hibernate Mapping DTD 3.0//EN"
"http://hibernate.sourceforge.net/hibernate-mapping-3.0.dtd">
<!-- 
    Mapping file autogenerated by MyEclipse Persistence Tools
-->
<hibernate-mapping>
    <class name="com.tsinghua.entity.Teacher" table="teacher" schema="dbo" catalog="exam">
        <id name="id" type="java.lang.Integer">
            <column name="id" />
            <generator class="native"></generator>
        </id>
        <property name="taccount" type="java.lang.String">
            <column name="taccount" length="50"  />
        </property>
        <property name="tpwd" type="java.lang.String">
            <column name="tpwd" length="50"/>
        </property>
        <property name="tname" type="java.lang.String">
            <column name="tname" length="50"/>
        </property>
        <property name="tsex" type="java.lang.String">
            <column name="tsex" length="1"/>
        </property>
        <property name="tbirthday" type="java.lang.String">
            <column name="tbirthday" length="50"/>
        </property>
        <property name="teducation" type="java.lang.String">
            <column name="teducation" length="50" />
        </property>
        <property name="ttelphone" type="java.lang.String">
            <column name="ttelphone" length="50"/>
        </property>
        <property name="tjop" type="java.lang.String">
            <column name="tjop" length="50"/>
        </property>
        <property name="remarks" type="java.lang.String">
            <column name="remarks" length="200"/>
        </property>
        
        <set name="classes" table="classes_teacher">
			<key column="teacher_id"></key>
			<many-to-many class="com.tsinghua.entity.Class" column="classes_id">
			</many-to-many>

		</set>
        
    </class>
</hibernate-mapping>
