<?xml version="1.0" encoding="UTF-8" ?>
<!DOCTYPE struts PUBLIC "-//Apache Software Foundation//DTD Struts Configuration 2.1//EN" "http://struts.apache.org/dtds/struts-2.1.dtd">
<struts>

	<package name="" namespace="" extends="struts-default">
		<action name="loginaction" class="com.tsinghua.action.LoginAction"
			method="login">
			<result name="success">index.jsp</result>
			<result name="error">error.jsp</result>
		</action>
	</package>

	<package name="teacher" namespace="/teacher" extends="struts-default">
		<action name="getteacherlist" class="com.tsinghua.action.TeacherAction"
			method="list">
			<result name="success">list.jsp</result>
		</action>
	</package>

	<package name="question" namespace="/question" extends="struts-default">
		<action name="getquestionlist" class="com.tsinghua.action.QuestionAction"
			method="list">
			<result name="success">list.jsp</result>
		</action>
	</package>

	<package name="paper" namespace="/paper" extends="struts-default">
		<action name="getpaperlist" class="com.tsinghua.action.PaperAction"
			method="list">
			<result name="success">list.jsp</result>
		</action>
		
		<action name="rodampaperAction" class="com.tsinghua.action.PaperAction"
			method="rodampaper">
			<result name="success">list.jsp</result>
		</action>
		
		<action name="questions" class="com.tsinghua.action.PaperAction"
			method="getquestionsfrompaper">
			<result name="success">questionlist.jsp</result>
		</action>
		
		<action name="subjectAction" class="com.tsinghua.action.PaperAction"
			method="getsubject">
			<result name="success">random.jsp</result>
		</action>
	</package>


</struts>    
