<?xml version="1.0" encoding="UTF-8" ?>
<!DOCTYPE struts PUBLIC "-//Apache Software Foundation//DTD Struts Configuration 2.1//EN" "http://struts.apache.org/dtds/struts-2.1.dtd">
<struts>
<package name="Login" extends="struts-default">

        <!-- 查询所有管理员  -->
		<action name="listLogin" class="action.LoginAction" method="listLogin">
			<result name="index">index.jsp</result>
            <result name="Login">Login.jsp</result>
		</action>
</package>
<package name="teacher" extends="struts-default" namespace="/teacher">

        <!-- 查询所有老师  -->
		<action name="listTeacher" class="action.TeacherAction" method="list">
			<result name="list">list.jsp</result>
		</action>
</package>
<package name="student" extends="struts-default" namespace="/student">

        <!-- 查询所有学生  -->
		<action name="listStudent" class="action.StudentAction" method="list">
			<result name="list">list.jsp</result>
		</action>
</package>
<package name="question" extends="struts-default" namespace="/question">

        <!-- 查询所有试题类型 -->
		<action name="listQues" class="action.QuestionAction" method="listQuesType">
			<result name="listQues">list.jsp</result>
		</action>
		<!-- 查询所有试题 -->
		<action name="listQues" class="action.QuestionAction" method="listQues">
			<result name="listQues">listQues.jsp</result>
		</action>
		<!-- 路过查询类型用来修改 -->
		<action name="listtype" class="action.QuestionAction" method="getById">
			<result name="success">updateQues.jsp</result>
		</action>
		<!-- 路过查询类型用来添加 -->
		<action name="listtypesave" class="action.QuestionAction" method="getByIdsave">
			<result name="success">insertQues.jsp</result>
		</action>
		<!-- 修改问题 -->
		<action name="updateQues" class="action.QuestionAction" method="update">
			<result name="success" type="redirectAction">
			<param name="actionName">listType!listQuesType</param>
		</result>
		</action>
		<!-- 添加问题 -->
		<action name="insertQues" class="action.QuestionAction" method="save">
			<result name="success" type="redirectAction">
			<param name="actionName">listType!listQuesType</param>
		</result>
		</action>
		<!-- 删除问题 -->
		<action name="deleteQues" class="action.QuestionAction" method="delete">
			<result name="success" type="redirectAction">
			<param name="actionName">listType!listQuesType</param>
		</result>
		</action>
</package>
<package name="paper" extends="struts-default" namespace="/paper">

        <!-- 查询所有试卷  -->
		<action name="listPaper" class="action.PaperAction" method="list">
			<result name="list">list.jsp</result>
		</action>
		<!-- 查询所有试题类型 -->
		<action name="listType" class="action.PaperAction" method="listQuesType">
			<result name="listType">random.jsp</result>
		</action>
		<!-- 添加试卷 -->
		<action name="insertPaper" class="action.PaperAction" method="random">
			<result name="success" type="redirectAction">
			<param name="actionName">listPaper!list</param>
		</result>
		</action>
		<!-- 查询试卷的试题 -->
		<action name="listQues" class="action.PaperAction" method="listQues">
			<result name="listQues">listQues.jsp</result>
		</action>
</package>
</struts>    