<?xml version="1.0" encoding="UTF-8" ?>
<!DOCTYPE struts PUBLIC "-//Apache Software Foundation//DTD Struts Configuration 2.1//EN" "http://struts.apache.org/dtds/struts-2.1.dtd">
<struts>
	
	<!--  
	<package name="/file" namespace="/file" extends="struts-default">
		<action name="*_*" class="controller.{1}Action" method="{2}">
		
		</action>
	</package>

	<package name="/question" namespace="/question" extends="struts-default">
		<action name="*_*" class="controller.{1}Action" method="{2}">
			<result name="getQuestionBySubId">
				getQuestionBySubId.jsp
			</result>
			<result name="{2}">
				{2}.jsp
			</result>  
		</action>
	</package>
	
	<package name="default" namespace="/" extends="json-default,hibernate-default">
		<action name="*_*" class="controller.{1}Action" method="{2}">
		
			<result name="{2}" type="json">
				<param name="includeProperties">result.*</param>
			</result>  
		</action>
	</package>
	-->
	
	<!-- 用户模块的action -->
	<package name="user" namespace="" extends="struts-default">
		<action name="userLogin" class="com.qhit.action.UserAction" method="login">
			  
			<result name="login" >
				index.jsp
			</result>  
		</action>
		
	</package>
	<!-- 管理员中的教师模块 -->
	<package name="teacher" namespace="/teacher" extends="struts-default">
	<action name="Teacherlist" class="com.qhit.action.TeacherAction" method="list">
	<result name="list">list.jsp</result>
	</action>
	</package>
	
	<package name="question" namespace="/question" extends="struts-default">
	
	<action name="questionServlet" class="com.qhit.action.QuestionAction" method="Subjectsevlet">
	<result name="Subjectsevlet">qindex.jsp</result>
	</action>
	
	<action name="CtbServlet" class="com.qhit.action.QuestionAction" method="Ctblist">
	<result name="Ctblist">ctblist.jsp</result>
	</action>
	</package>
	
	
	<package name="paper" namespace="/paper" extends="struts-default">
	<action name="paperServlet" class="com.qhit.action.PaperAction" method="selectpaper">
	<result name="selectpaper">selectpaper.jsp</result>
	</action>
	
	<action name="Savepaper" class="com.qhit.action.PaperAction" method="savepaper">
	<result name="savepaper">savepaper.jsp</result>
	</action>
	
	</package>
	
</struts>    
