<?xml version="1.0" encoding="utf-8"?>
<!DOCTYPE hibernate-mapping PUBLIC "-//Hibernate/Hibernate Mapping DTD 3.0//EN"
"http://hibernate.sourceforge.net/hibernate-mapping-3.0.dtd">
<!-- 
    Mapping file autogenerated by MyEclipse Persistence Tools
-->
<hibernate-mapping>
    <class name="po.Paper" table="paper" schema="dbo" catalog="exam">
        <id name="pid" type="java.lang.Integer">
            <column name="pid" />
            <generator class="identity" />
        </id>
        <property name="subjectName" type="java.lang.String">
            <column name="subjectName" length="20" />
        </property>
        <property name="kind" type="java.lang.String">
            <column name="kind" length="20" />
        </property>
        <property name="title" type="java.lang.String">
            <column name="title" length="100" />
        </property>
        <property name="className" type="java.lang.String">
            <column name="className" length="50" />
        </property>
        <property name="testTime" type="java.sql.Timestamp">
            <column name="testTime" length="23" />
        </property>
        <property name="testHour" type="java.lang.Integer">
            <column name="testHour" />
        </property>
        <property name="totalScore" type="java.lang.Double">
            <column name="totalScore" precision="6" />
        </property>
        <property name="qnumber" type="java.lang.Integer">
            <column name="qnumber" />
        </property>
        <property name="state" type="java.lang.String">
            <column name="state" length="20" />
        </property>
        
        <set name="qset" table="paper_question">
        <key column="pid"></key>
        <many-to-many class="po.Question" column="qid"></many-to-many>
        </set>
        <set name="qclassName" table="paper_class">
        <key column="pid"></key>
        <many-to-many class="po.Classes" column="id"></many-to-many>
        </set>
        <set name="studentSet" table="paper_student" lazy="true">
        	<key column="pid" ></key>
        	<many-to-many class="po.Student" column="id" ></many-to-many>
        </set>

    </class>
</hibernate-mapping>
