<?xml version='1.0' encoding='UTF-8'?>
<!DOCTYPE hibernate-configuration PUBLIC
          "-//Hibernate/Hibernate Configuration DTD 3.0//EN"
          "http://hibernate.sourceforge.net/hibernate-configuration-3.0.dtd">

<!-- Generated by MyEclipse Hibernate Tools.                   -->
<hibernate-configuration>

<session-factory>
	<property name="dialect">
		org.hibernate.dialect.SQLServerDialect
	</property>
	<property name="connection.url">
		jdbc:sqlserver://127.0.0.1:1433;databaseName=aikao
	</property>
	<property name="connection.username">sa</property>
	<property name="connection.password">123</property>
	<property name="connection.driver_class">
		com.microsoft.sqlserver.jdbc.SQLServerDriver
	</property>
	<property name="myeclipse.connection.profile">sqlserver</property>
	<property name="show_sql">true</property>
	<property name="format_sql">true</property>
	<property name="hbm2ddl.auto">update</property>
	<mapping resource="po/Adimin.hbm.xml" />
	<mapping resource="po/Class.hbm.xml" />
	<mapping resource="po/Papers.hbm.xml" />
	<mapping resource="po/Profession.hbm.xml" />
	<mapping resource="po/Record.hbm.xml" />
	<mapping resource="po/Student.hbm.xml" />
	<mapping resource="po/Subject.hbm.xml" />
	<mapping resource="po/Teacher.hbm.xml" />
	<mapping resource="po/Topic.hbm.xml" />
	<mapping resource="po/Transcripts.hbm.xml" />

</session-factory>

</hibernate-configuration>