<?xml version="1.0" encoding="UTF-8" ?>
<!DOCTYPE struts PUBLIC "-//Apache Software Foundation//DTD Struts Configuration 2.1//EN" "http://struts.apache.org/dtds/struts-2.1.dtd">
<struts>

	<package name="login" namespace="" extends="struts-default">
		<action name="loginaction" class="com.tsinghua.action.LoginAction"
			method="login">
			<result name="success">index.jsp</result>
			<result name="error">error.jsp</result>
		</action>
	</package>
	
	<package name="teacher"  extends="struts-default">
		<action name="getteacherlist" class="com.tsinghua.action.TeacherAction"
			method="list">
			<result name="success">list.jsp</result>
		</action>
		
		<action name="deleteaction" class="com.tsinghua.action.TeacherAction"
			method="deleteteacher">
			<result name="success">/teacher/list.jsp</result>
		</action>
	</package>
	
	<package name="question" namespace="/question" extends="struts-default">
		<action name="getquestionlist" class="com.tsinghua.action.QuestionAction"
			method="list">
			<result name="success">list.jsp</result>
		</action>
	</package>
	
	<package name="paper" extends="struts-default">
		<action name="createpaper" class="com.tsinghua.action.PaperAction"
			method="list1">
			<result name="success">createpaper.jsp</result>
		</action>
		<action name="paperlist" class="com.tsinghua.action.PaperAction"
			method="list">
			<result name="success">list.jsp</result>
		</action>
		
		<action name="deleteactions" class="com.tsinghua.action.PaperAction"
			method="deletepaper">
			<result name="success">/paper/list.jsp</result>
		</action>
	</package>


</struts>    
